Timestamp,Temperature_C,Humidity_Percent,LDR_Value,Light_Status,Bulb_Status,Control_Mode
2026-09-29 18:00:00,29.8,51.2,2450,BRIGHT,OFF,AUTO
2026-09-29 18:02:00,29.6,51.8,2380,BRIGHT,OFF,AUTO
2026-09-29 18:04:00,29.4,52.5,2210,BRIGHT,OFF,AUTO
2026-09-29 18:06:00,29.1,53.0,1950,BRIGHT,OFF,AUTO
2026-09-29 18:08:00,28.9,54.2,1720,BRIGHT,OFF,AUTO
2026-09-29 18:10:00,28.7,55.1,1480,BRIGHT,OFF,AUTO
2026-09-29 18:12:00,28.5,56.0,1290,BRIGHT,OFF,AUTO
2026-09-29 18:14:00,28.2,57.3,1050,DARK,ON,AUTO
2026-09-29 18:16:00,28.0,58.1,920,DARK,ON,AUTO
2026-09-29 18:18:00,27.8,59.4,840,DARK,ON,AUTO
2026-09-29 18:20:00,27.6,60.2,790,DARK,ON,AUTO
2026-09-29 18:22:00,27.4,61.5,750,DARK,ON,AUTO
2026-09-29 18:24:00,27.3,62.0,720,DARK,ON,AUTO
2026-09-29 18:26:00,27.1,63.2,690,DARK,ON,AUTO
2026-09-29 18:28:00,27.0,63.8,670,DARK,OFF,MANUAL
2026-09-29 18:30:00,26.8,64.5,660,DARK,OFF,MANUAL
2026-09-29 18:32:00,26.7,65.1,650,DARK,ON,MANUAL
2026-09-29 18:34:00,26.5,66.0,640,DARK,ON,MANUAL
2026-09-29 18:36:00,26.4,66.8,630,DARK,ON,AUTO
2026-09-29 18:38:00,26.2,67.5,620,DARK,ON,AUTO
2026-09-29 18:40:00,26.1,68.2,610,DARK,ON,AUTO
2026-09-29 18:42:00,25.9,69.0,600,DARK,ON,AUTO
2026-09-29 18:44:00,25.8,70.1,590,DARK,ON,AUTO
2026-09-29 18:46:00,25.6,71.3,580,DARK,ON,AUTO
2026-09-29 18:48:00,25.5,72.0,2150,BRIGHT,OFF,AUTO
2026-09-29 18:50:00,25.4,72.8,2300,BRIGHT,OFF,AUTO
2026-09-29 18:52:00,25.3,73.5,2240,BRIGHT,OFF,AUTO
2026-09-29 18:54:00,25.1,74.2,780,DARK,ON,AUTO
2026-09-29 18:56:00,25.0,75.0,620,DARK,ON,AUTO
2026-09-29 18:58:00,24.8,75.6,590,DARK,ON,AUTO
